Model,Accuracy,Precision,Recall
Random Forest + AL,0.9400966183574879,0.8650306748466258,0.94
